l_english:
#Prefixes
 dynnp_von_der: "von der"
 dynnp_Banu: "Banû"
#Dynasties
 dynn_Eppenstein: "Eppenstein"
 dynn_Meinharding: "Meinharding"
 dynn_Babenberg: "Babenberg"
 dynn_Weimar: "Weimar"
 dynn_Formbach: "Formbach"
 dynn_Julbach: "Julbach"
 dynn_Traungau: "Traungau"
 dynn_Tirol: "Tirol"
 dynn_Askuining: "Askuining"
 dynn_Raabs: "Raabs"
 dynn_Scheyern: "Scheyern"
 dynn_Ariboning: "Ariboning"
 dynn_Siegharding: "Siegharding"
 dynn_Bozen: "Bozen"
 dynn_Pilgriming: "Pilgriming"
 dynn_Moosburg: "Moosburg"
 dynn_Hirschberg: "Hirschberg"
 dynn_Hals: "Hals"
 dynn_Wittelsbach: "Wittelsbach"
 dynn_Dilching: "Dilching"
 dynn_Lechsgemund: "Lechsgemünd"
 dynn_Leuchtenberg: "Leuchtenberg"
 dynn_Rottenburg: "Rottenburg"
 dynn_Reginbodoning: "Reginbodoning"
 dynn_Pappenheim: "Pappenheim"
 dynn_Diepolding: "Diepolding"
 dynn_Andechs: "Andechs"
 dynn_Falkenberg: "Falkenberg"
 dynn_Lobenhausen: "Lobenhausen"
 dynn_Hohenlohe: "Hohenlohe"
 dynn_Castell: "Castell"
 dynn_Lauffen: "Lauffen"
 dynn_Willsbach: "Willsbach"
 dynn_Popponing: "Popponing"
 dynn_Abensberg: "Abensberg"
 dynn_Gilching: "Gilching"
 dynn_Rieneck: "Rieneck"
 dynn_Salier: "Salier"
 dynn_Aalen: "Aalen"
 dynn_Oldenburg: "Oldenburg"
 dynn_Ronsberg: "Ronsberg"
 dynn_Calw: "Calw"
 dynn_Dillingen: "Dillingen"
 dynn_Hohenstaufen: "Hohenstaufen"
 dynn_Marstetten: "Marstetten"
 dynn_Helfenstein: "Helfenstein"
 dynn_Sigmaringen: "Sigmaringen"
 dynn_Tannenfels: "Tannenfels"
 dynn_Beuren: "Beuren"
 dynn_Kirchberg: "Kirchberg"
 dynn_Limpurg: "Limpurg"
 dynn_Wolfertschwenden: "Wolfertschwenden"
 dynn_Ottingen: "Ottingen"
 dynn_Udalriching: "Udalriching"
 dynn_Sulz: "Sulz"
 dynn_Tubingen: "Tübingen"
 dynn_Maden: "Maden"
 dynn_Urach: "Urach"
 dynn_Vaihingen: "Vaihingen"
 dynn_Veringen: "Veringen"
 dynn_Breitenstein: "Breitenstein"
 dynn_Wurttemberg: "Württemberg"
 dynn_Luitpolding: "Luitpolding"
 dynn_Hohenzollern: "Hohenzollern"
 dynn_Freiburg: "Freiburg"
 dynn_Sellenburen: "Sellenburen"
 dynn_Kyburg: "Kyburg"
 dynn_Rheinfelden: "Rheinfelden"
 dynn_Lupfen: "Lupfen"
 dynn_Habsburg: "Habsburg"
 dynn_Affoltern: "Affoltern"
 dynn_Werdenberg: "Werdenberg"
 dynn_Frohburg: "Frohburg"
 dynn_Toggenburg: "Toggenburg"
 dynn_Ringgenberg: "Ringgenberg"
 dynn_Kaltenbach: "Kaltenbach"
 dynn_Turn: "Turn"
 dynn_Vaz: "Vaz"
 dynn_Belmont: "Belmont"
 dynn_Lenzburg: "Lenzburg"
 dynn_Ezzoning: "Ezzoning"
 dynn_Luxemburg: "Luxemburg"
 dynn_Wiltberg: "Wiltberg"
 dynn_Truhendingen: "Truhendingen"
 dynn_Reuss: "Reuß"
 dynn_Schwarzenburg: "Schwarzenburg"
 dynn_Howen: "Höwen"
 dynn_Stuhlingen: "Stühlingen"
 dynn_Faucigny: "Faucigny"
 dynn_Sulzbach: "Sulzbach"
 dynn_Tybein: "Tybein"
 dynn_Gruyere: "Gruyère"
 dynn_Welf: "Welf"
 dynn_Este: "Este"
 dynn_Eberharding: "Eberharding"
 dynn_Neuchatel: "Neuchâtel"
 dynn_Wolfach: "Wolfach"
 dynn_Contarini: "Contarini"
 dynn_Collalto: "Collalto"
 dynn_Schwarzburg: "Schwarzburg"
 dynn_Gleichen: "Gleichen"
 dynn_Wettin: "Wettin"
 dynn_Arnstein: "Arnstein"
 dynn_Hohnstein: "Hohnstein"
 dynn_Lobdeburg: "Lobdeburg"
 dynn_Mansfeld: "Mansfeld"
 dynn_Wippra: "Wippra"
 dynn_Querfurt: "Querfurt"
 dynn_Ludowing: "Ludowing"
 dynn_Billung: "Billung"
 dynn_Klettenberg: "Klettenberg"
 dynn_Gisalberting: "Gisalberting"
 dynn_Ugoning: "Ugoning"
 dynn_Supponing: "Supponing"
 dynn_Oberting: "Oberting"
 dynn_Widoning: "Widoning"
 dynn_Confalonieri: "Confalonieri"
 dynn_Hucpolding: "Hucpolding"
 dynn_Attoning: "Attoning"
 dynn_Wigeriching: "Wigeriching"
 dynn_Gandolfing: "Gandolfing"
 dynn_Fleckenstein: "Fleckenstein"
 dynn_Rappoltstein: "Rappoltstein"
 dynn_Huneburg: "Hüneburg"
 dynn_Eberstein: "Eberstein"
 dynn_Aleraming: "Aleraming"
 dynn_Kuenring: "Kuenring"
 dynn_Challant: "Challant"
 dynn_Winterthur: "Winterthur"
 dynn_Waldburg: "Waldburg"
 dynn_Premyslovci: "Přemyslovci"
 dynn_Zahringen: "Zähringen"
 dynn_Munzenberg: "Münzenberg"
 dynn_Achalm: "Achalm"
 dynn_Arnsberg: "Arnsberg"
 dynn_Falkenstein: "Falkenstein"
 dynn_Selbold: "Selbold"
 dynn_Gisoning: "Gisoning"
 dynn_Dorfelden: "Dorfelden"
 dynn_Malsburg: "Malsburg"
 dynn_Diez: "Diez"
 dynn_Merenberg: "Merenberg"
 dynn_Grafschaft: "Grafschaft"
 dynn_Katzenelnbogen: "Katzenelnbogen"
 dynn_Reichenbach: "Reichenbach"
 dynn_Embrichoning: "Embrichoning"
 dynn_Monomachos: "Monomachos"
 dynn_Landulfing: "Landulfing"
 dynn_Bari: "Bari"
 dynn_Hauteville: "Hauteville"
 dynn_Carreaux: "Carreaux"
 dynn_Sergii: "Sergii"
 dynn_Orange: "Orange"
 dynn_Bosoning: "Bosoning"
 dynn_Valence: "Valence"
 dynn_Werl: "Werl"
 dynn_Brunoning: "Brunoning"
 dynn_Dagsburg: "Dagsburg"
 dynn_Finstingen: "Finstingen"
 dynn_Blieskastel: "Blieskastel"
 dynn_Bliesgau: "Bliesgau"
 dynn_Embrichoning: "Embrichoning"
 dynn_Saarbrucken: "Saarbrücken"
 dynn_Sponheim: "Sponheim"
 dynn_Saarwerden: "Saarwerden"
 dynn_Dhaun: "Dhaun"
 dynn_Leiningen: "Leiningen"
 dynn_Sirck: "Sirck"
 dynn_Zweibrucken: "Zweibrücken"
 dynn_Berg: "Berg"
 dynn_Huckeswagen: "Hückeswagen"
 dynn_Julich: "Jülich"
 dynn_Kleve: "Kleve"
 dynn_Mors: "Mörs"
 dynn_Neuenahr: "Neuenahr"
 dynn_Sayn: "Sayn"
 dynn_Isenburg: "Isenburg"
 dynn_Manderscheid: "Manderscheid"
 dynn_Arberg: "Arberg"
 dynn_Vianden: "Vianden"
 dynn_Wied: "Wied"
 dynn_Arenberg: "Arenberg"
 dynn_Wippra: "Wippra"
 dynn_Northeim: "Northeim"
 dynn_Nakoning: "Nakoning"
 dynn_Gerharding: "Gerharding"
 dynn_Scarpone: "Scarpone"
 dynn_Hucpolding: "Hucpolding"
 dynn_Lacon: "Lacon"
 dynn_Uzes: "Uzès"
 dynn_Trencavel: "Trencavel"
 dynn_Vlaanderen: "Vlaanderen"
 dynn_Lille: "Lille"
 dynn_Opbrakel: "Opbrakel"
 dynn_Reginaring: "Reginaring"
 dynn_Loon: "Loon"
 dynn_Hoorn: "Hoorn"
 dynn_Namur: "Namur"
 dynn_Gerulfing: "Gerulfing"
 dynn_Enghien: "Enghien"
 dynn_Ziri: "Zîrî"
 dynn_Timnah: "Timnah"
 dynn_Mankut: "Mankut"
 dynn_Awwas: "‘Awwâs"
 dynn_Cuijk: "Cuijk"
 dynn_Gelre: "Gelre"
 dynn_Gent: "Gent"
 dynn_Briey: "Briey"
 dynn_Anskaring: "Anskaring"
 dynn_Aspremont: "Aspremont"
 dynn_Karling: "Karling"
 dynn_Limburg: "Limburg"
 dynn_Commercy: "Commercy"
 dynn_Haldensleben: "Haldensleben"
 dynn_Bederkesa: "Bederkesa"
 dynn_Bentheim: "Bentheim"
 dynn_Diepholz: "Diepholz"
 dynn_Askanier: "Askanier"
 dynn_Flachslanden: "Flachslanden"
 dynn_Abd_Allah: "‘Abd Allâh"
 dynn_Cinarca: "Cinarca"
 dynn_Musco: "Musco"
 dynn_Udoning: "Udoning"
 dynn_Wolpe: "Wolpe"
 dynn_Goseck: "Goseck"
 dynn_Lippe: "Lippe"
 dynn_Raimonding: "Raimonding"
 dynn_Zutphen: "Zutphen"
 dynn_Albon: "Albon"
 dynn_Savoia: "Savoia"
 dynn_Bauge: "Baugé"
 dynn_Itter: "Itter"
 dynn_Grone: "Grone"
 dynn_Dassel: "Dassel"
 dynn_Beaujeu: "Beaujeu"
 dynn_Forez: "Forez"
 dynn_Arduining: "Arduining"
 dynn_Rodoalding: "Rodoalding"
 dynn_Alberti: "Alberti"
 dynn_Cadoling: "Cadoling"
 dynn_Oberting: "Oberting"
 dynn_Eschenbach: "Eschenbach"
 dynn_Chalon: "Chalon"
 dynn_Auvergne: "Auvergne"
 dynn_Macon: "Mâcon"
 dynn_Steinfurt: "Steinfurt"
 dynn_Steusslingen: "Steußlingen"
 dynn_Abenberg: "Abenberg"
 dynn_Wertheim: "Wertheim"
 dynn_Chyzani: "Chyzani"
 dynn_Wagiri: "Wagiri"
 dynn_Linoni: "Linoni"
 dynn_Tolenzi: "Tolenzi"
 dynn_Liezizi: "Liezizi"
 dynn_Hevelli: "Hevelli"
 dynn_Murizzi: "Murizzi"
 dynn_Warnabi: "Warnabi"
 dynn_Riaciani: "Riaciani"
 dynn_Sprevani: "Sprevani"
 dynn_Rujani: "Rujani"
 dynn_Ukrani: "Ukrani"
 dynn_Circipani: "Circipani"
 dynn_Astridsunr: "Ástríðsunr"
 dynn_Hardradeatta: "Hardrådeætta"
#Houses
 dynn_Eppan: "Eppan"
 dynn_Vasto: "Vasto"
 dynn_Chiny: "Chiny"
 dynn_Hamburg: "Hamburg"
 dynn_Thiers: "Thiers"
 dynn_Salm: "Salm"